Complexity;Password
146;_{ATV%h%Uw9
191;s(vKctk3#<E51#m
222;W!$#1Lj)GG77(l7A[x4
300;2G05pzjAfa_,h6sFUen?Auu5hdKp
250;j/NUyf_p(jJ5I96sExd
195;6fPydm]bew
190;0%av69QZ5S7/X
373;}e}M]>7bU#HHkX\8^7l*~N
101;GJ/7j^6z
295;p5[d\Iub[5*E0<4cR4s$X,^
216;SR6#SBf@fLvb]9
206;3!1m$N%/y/$wQs[3.
325;.K@7W?OUTMpRu!Jn1[1?&>0O\Y
131;?0&QNV3Kc
175;yq,E^MJ>G
49;cah&
220;jGJ>l}X4MD1nF5^jY
75;XX}z#
123;8c?)hx6la_
250;nECXb/5C1%#Kp(o!hn_B
264;Z21mwY)XrZ?h*KEL3#Oo
309;W_<[Vtfn.k8M!lkTr$BOR0Qs
146;~P%/3s6ZsX>
58;zWi
221;1j]G\1Jm?\oH[Ki%5,
310;<&LR<2kWVe*A\>h_f4O%0JRoH
117;ld_M7)
296;]Z>#w$$(ir*T<xuWUy(
190;q.K,o\0QG4!_UL
54;8MJ
136;yd5*9B.
58;bpuA
136;?3lJfdY
72;NXV<
221;xuuWP31Ko22)mLU_gz
146;&<up!Vi0*ss
66;7?m6
250;p0.jv$D6w)hd[lqw\o$A
254;_g\myYr&U!5Bcu8
190;,6fIo(ktn1r2{
156;ClYLJKiI,rK
265;]Ov*6g5kw.51Km_TJ,tqZ
295;*iD/Qw1^~G<FrJWPHtRU2%r
102;jaIh!N6
342;t@]9/N*Uv3w>{tV.XOE2pm{uH0wM~
375;>l$NGGV)p%4vFz}H,IW(g.z
354;9/3gE[Mj?o,c8~5*R{L^(W*T,yeo
295;ycLjRseq%*9gF_j_e^
206;qeAUGa@])*)7_S%7Z
267;@(3e~~@hr?s>9dFp%?03~Bt
356;nhhU8!n&t$mi*\}$wH6pH#z
309;Rdz23*U%ijY0\1vVbwwG)ER4
295;b~7fv0lyjv_E6>jd[84aD.\
438;Zn_HX<r]@7fF%22Yc_%qTUId?ug7U
176;&W&2J]RjOXY]
135;~V4?glVc
216;qYfk3R)9.F@FPk
335;HJ\tDijw$hC?,c>2G2<u!
135;jWfWs28O
252;,k/<v[QGa[b%KKu}a5zK({
78;$bV#
295;zLuqjIi>S#\~HnDAX~e2StF
313;5_4<5fJyMI^K#Pbdcf
297;0S(bjciQ\1(~Rff2WE1@BYLob
389;Bx5/]%bc%@*9>x$0aJ7LQzAQa^
63;dkk&e
265;K1*OUL%P.x8,?6?F<3?fs
327;0?O~G\q}8L>Xta5Oxe4VV7FenBlX
250;vAXxU[%Rh^TT]dRke_OI
222;Ttq/Lg^AdsQPL]_(t)n
270;A}e^RWL(tDah@iHUE3.@3AeC%i
250;)a.c*\O(~^qCtZA2AphD
175;pAKrWtjfvEQc
236;cWJnd\yCy%Ksz_d
156;Xt(wH&I9
275;?lZSWVUV3Q~ZZ@#bj
266;tP,yeDN0uBe*od{AVcIva?
161;@y)fe><Edwra
310;V>_QS@J!c%5JK4%7AUX}DUXT(
191;lk6G9aK~}ZDC]$]
161;?Fara_K]2JP&
234;}_e\d[aWf^}!$*K3y
190;uH6MFWi30ddzBP
95;rzZxVg
221;GOL]isG$]tb,\/lqyd
341;*O<NzPDKfLA(5]Yj*4s*p?6&GS[G
61;j_h%1
156;PE^?BD@o
264;vh.\7T}[(Rpk_7^I(B0c
207;mlqVKr)svaX*X}y(*s
117;jCJ7n)z/Za
198;l9k]cn4^$x&p
214;%d3Zn#SyI&R%
204;fIV,]xU?at985N
324;Cfo,*sG3R4,5Z2)<60[QSPu,n
205;z3}w9rHC{Q5Z3/AV
220;Dpu]dL^LU@2ii@PF{D
237;IE9i}uu!>5be#cwr?ba8
295;5IL/gy%%S.^tpcqxXR}{.H>
323;\EJt^d0VP@{L@A?*%_S]oZjk
313;j2n6o^2(cVsa@4#yqSe2K{Qj*OZC
249;4sPsgZN8AHu3r972_e
195;F^F.oOzC4?En
281;5UdV)~@stvGPrDQN8LU.VM1
284;4<s#i9rf_SZNQ_cIZX$^i]9AZb
191;%Q9LuI.SE/u[A0q
82;$omxv
292;HzJlDf{4<vnGm1Q5^i$W
312;VgDkhB@e7?!sxR<Ef
297;z.LqkFTwVH)bV~MWu<ujb,XW0
116;YyBJVkEvY
117;qebFSo
115;?pp(&?un\
146;M%AKXj8Wg4
282;M7_!u9{xXGmYal\eiE>OwLo<
54;3B#
310;lYC0lLnOf8r\!7Ms4<T9mEi29
205;wf}T<o(Zy/c(^V>
176;GNVqcl1@VU7c~]
175;v<Z~8*OsE
358;UWqZN@&wQ<mI5,)M@s7N5HTJ
56;%1mC%m
117;7Gxs0db6
369;icp9Q9h)eWTfMU%R]_O/Z3!}Os6FF
54;6H$
87;1AyGxe
234;3>Y&*n!9z2X7
146;vt[Ww%Ar>Qo
326;&QrlnGr7b.^){aqy)K_~oj@ml$g
284;HjTbNR]6v&PDjEQ^DBDsJm/dCP
237;Qgct&Q/8D]3ff)$T)E5K
116;YRunR]Z
250;EybptFo[7*VRb/l@Hl$
263;7hl>)n/up,(XqKVD@$V
368;^w,VoNIwyF8k)1ftM~6_Ubg7!^LZ
313;>a^PF/ND_[${q@E@S$~kCsKJ~FKv
308;eQ!C52O*^Wu\NX~I}1^y{gx
175;_?Re6phS^
293;$q~L\4\S*#Vw>D!j
132;AW2zEON%zyeO
156;2UE9CQnL
136;DOs_UzV
235;?}Wu7jmeVXC&J*}gA<
221;o5G%<]QG[/DKDYzqx(
327;$%v@y1Oy_)9,R.gcEe94flEO,*j(
249;suyb1@Rj!f374YK>Px
255;?_C[sEzwe3yqfIeQ
269;Vg1WhRzzjfc%fVn]yEhz2WZd(
117;>WOk{p
340;udfbG2T.<BS\1IvRY$2D/H/9>)%
297;7C5o(8(?lmY/CEh2a5!007vIR
102;41,aLfy
252;@u6_r6^33$)M/j<hc$J^if
324;k8[0BSE.j@Q3/&eRo$MdY8po_
146;u#J%CQAk45
175;eb!kL2xzV
250;_L/<)WCjb(ee7s7zBT~*
296;uDR^eFZ>><&C&FUvJ8Q
162;NacNTjMcZ$3t5U
474;K6d>87suzOi_VNTv[BN]tY8EHeLGJ
234;M?p[~aV1tSAd]RL.k
162;gzz8qQ4$9a%}G*
58;eU{
95;7TkZwK
264;@2!1psY/Wda0Ece\3m,c
78;b7HF
146;Rqivs/~tD(
234;tz}q&jEL#[e!d
58;kQo
95;35NTnY
296;BSMZk)ne(<fzp>U09J{,<m/b
160;t(42N7jEAO?
132;<8Mh>M(M>A^T
175;{#pf%?..MW
235;p8o8!c5qK1{N5B]zxY
312;dn@$l\Q5b[ogI7ZT[
276;C#})y7pFzuid!i_y}U
86;^)5*0i\
254;rnuyQ4~ryG{hTLm
254;}hn&zokK%gq3,B
250;s\8qGkkH68j.*1VE8)t^
191;kPqh%qA6e,ByBwC
234;Krjh@#<ROcB3*
126;VW8~F4&
234;IS<]Ngm&O20axf<H9
131;/%VWtr9Ld
97;oiQ^9
311;],PE[35M4rU0mB[s<d[!Lz7R#M
58;dHN
102;.PaY\t/
156;~B@p\zvF
58;WxT
117;JzL5!3
327;WeZx)%ADYtX,6#YIdbt^uDMpCgXL
195;mP#@_9%Nr]
37;&0e
135;St<XI?$?
474;u*zl\<^z[Qk^Wh5(y\i^.fmX*P&4S
299;T@139x&D1&MBO9CU5!8os$#m4cC
299;Q]z(.A#%s]c\HHVtYiNlxNaAxtu
342;4VPOU(9~BJ>?&dZZ9wU^/%j/P2RA8
175;2dW>8cn<<x
54;48K
254;$T7m%W(ILNPeg%
341;#cB/0cX0pt!9HJ\N/>uWQSYq/OfK
108;#VB5A}&H
267;MlyVOUm~d4a%OTj%JE,w,}_
195;>%FQmU$<KRqr
135;),mM%Q$R
117;2/Y8zFL!
265;L~E{_*1%Y{Yco]Gb3aCQ9
252;j[eg*Be)RJhfCK/*VtaoCT
58;}nB
117;Dp3j}V
131;g.H,1oUEL
160;~,taX%oI*M^
195;{RYEUD3N6w
325;$d?[B]gu}~NOCYF@Mf@n1rUL<Q
161;lr/Evvp^[X&F
234;uKrO_1~71iAletx(s
220;154BTaOpILJKelN\4
135;Xd5OU!tu
102;B0>Su7V
273;<pb[mjl!,sY9W#
146;&d7ys#sLB**0
251;yL*$3maBbe*XGdX4]uUTC
415;~y.DR5BD$(FShg5Fmn{WQh<d?&
335;)Gt%iQqg~.3v%[_w$,nH$
195;,_urnDOJ@_g
266;Rv..&#r/x5mnPyUFw8@FvI
234;SaU}iS9Z$#~&El1xd
342;J]WoOf(!sNKFe,GjZ/j%SQ^v@7xnL
101;w^okAw#U
223;w6fR/UL9r5,p8LcU^CGp
190;dA0>^(E/I,yF.(
71;SdPA.d
240;rLlA/rk.JL}v}o~9JCCM8ld
195;Fw(of#ZLm3~
375;m&2xhmD?)T&F!<*BYr>F).c
313;3MS%nyN9Ik3zW^CBq@
176;zDG!>mgIgL8!
146;q^qrJ*eAmmSu
312;%a2fVC!VG?p*wb)*)hd^hKrEcFS
175;G5ulN&@e7y08
293;R&ZI3wFk_WL2]?O%
75;BnmnF
311;?<?G)Ssr/4f\/U[P571?xLHVdD
269;}uqjml1n&&qJw$fMEI81N@#KW
95;t{CpP2
237;~}Gg\\C>cS?3chJk
433;E^oF}GWVb(e#uU?g%d_PzK~Srv
334;QPOcwv#8JJBEgw@T9T>D
265;V?dp0]z<6p#zFx%5@b@1m
342;Yi.8^c2XEBC_x)ZjPN9I4}tD(B_Ax
234;V)[{d$f@L}2g
235;ckF&VeQC[[Rhm9
318;Qg*VMn]{pywUyK*pfm%{DM
310;AfZ{9*TQsN]j^I7YNpxugvN^A
78;9zNw
147;vaB<uVpYiAZvj
235;/,p?nM5d#H,sul1)nq
373;^4DPkLFs8vr(~MY}DoK~iz
131;S*aQtM7Vg
161;eaJYxJ%4^62v
97;W4&,x
265;?5{9Q!ejd>M2E_1K?h^ei
195;>Ki6pK$uBcO
102;6IdSB<a
250;0sb[_[QgpMt[0$V%hj&<
266;R]md[n,J{0(uomuN$abkF{
273;Js*oQK<5INv[8H
221;h#@FH0e@7.Xm?Qbbpw
268;37nbiw/5imM1}8Kyv3\\jWZ/
136;c(GLG#o&(
207;pR.@%iBBaare\?sDxa
75;Ykeyw
267;fvUEf)ZXnS{Gy)F^*/j/4V?
356;78G\ln3ys9(ovg&[3<><(]N
253;Pfgi,tsF8P)jD5Q\gJjKG16
117;dO(?RT
393;Jv\*IGN_Xm!YCUN^omT9?EU
415;oni(}@^j9))C@(&^Km_2^4hFz3
340;N^R&riPZx4k.sv#]8d!X#/Eyb9i
97;n<8eV
314;]v#5N_KpKDl]crSSZe4
250;v0I*zEtK(H8<GMR2(g_
234;MGHTJi5#G\Y!,
266;/wP>eTG,[F(AZsDPhYtTid
273;!t&uc[>PGBNf5J
147;9XI/?fh7r?irU
263;$,)yvFMAx2Cs.pTEP@l
175;oRQNm\Z]_
43;0Oa
146;1JH?(i%Ab3
117;erUcaKIg
313;rkgq3h5GpIpywv0Z<tn/GZq\r6)/
340;<j#GM2OY}hsGnyaq}[AB?_K%{X>
221;lzR*&<>aq*Pngl>8@H
195;pePL*<}>3e_M
131;~Ya40*pRu
275;?GL8ZTXmiD)Qgf8Y8
417;3UDNjWc}KiMI#QyO*sdySN@G!Pm
135;UsXqi[uF
88;YDSB&Y
250;mQ5fglgBa#$p6//8_UW
266;u/veP/aXIwfw7)Wj&#8$p~
115;_i[u8]q
311;cP2Xuye7OyXJIZ3t&H3(BIa.J!
293;oC!N9durmTsV)E^tX/8FI
298;TVV(u4nh/tH6TJ3Xd[%XV#Q,5e
315;i9.BeJ}nKk7y$0pO}$EL3CEEXo<n!
276;Y[Y75hp{rsM%D^%GsH
314;gNLh$*(\DzCSt4D}PSG
273;]87k9XHNbZ4ju9#
205;&_e&k$tz7iG/VA8
195;D@m~Ys#WkX
342;QK!H&U#9uVR&IdXMYa{Dde)AFZmc5
250;($rE&0ua3NknpLZ&}Pds
116;^GI1oYCJg
131;Uf~fg{s0tJ
250;MUz??0f$gllNr^S95*4?
281;/Fxjn.gAf<J0@cst[6@MZtR
136;8}C,7[h
97;i]YDT
510;Lh9e\N2p7k$Tm}rNti(jSx5N6czGQ
354;?W1.G6m~st7>W\^$@C}uL,C,3oz?
190;K$wpij1u45Sffd
161;L0lFOGju,D#2
191;5,{0r{<AVKf{vqBe
162;0{5md]TTE]Ekg@
417;,nmii.o8#ObJU9Qb,j}S8DL*P&_
161;kc4({BE!/baIC
131;<Z$S$ag>xw
313;BXbzH#@*C*6tNzS<G<8icpThyQ.A
294;Ege#o&_K>i$gzDLbc
249;PFvjURy(x&a_a7$]i/
333;QF.r[NUO8~m3*MclC%G
146;27@5>/*RQRm
297;CRK\~r2\f!FK4!VEQ{,$
40;(AaaE
282;m7C!5WMD@O,0U/dk6W6ty,Az
132;d6*w7q^r
116;QpPC.[6
296;HlL1.4gt[@wO?cHe5}E4fAVb
281;F8r1GBt0DT,nk3M4E0e2hQ8
135;)sfcjzrJ
280;5!5MKWQ3xMb8PZ_*AUj[!L
325;QbsCL#@4(90B(2xgY^^Pkj}re(
266;}1C,d/}6^4OqeFuWfo4<*]
136;\cXGjt3
234;RO8)[pa0!z$Q]{>fO
205;CW37eoObAu$D?H8
296;G/t.h8M07P1}.l42V{lDGgNY
195;]7Uo<e&C[J
116;Jje(b3~
196;BuU&7If>FbNL}
296;d}(9][A!JdV6>fuN%n_Bzla(
161;F!)bC\kY0MFW)
136;IzqxeLj
191;cd<jC*)$6gJw/Kr
205;E.j$Zmw%DZ)QAS<
234;bj^sf4lhEO55y
78;cB$Q
94;,V5/(HQ
334;&VvUWPNCwK,7DZn.>y^3
352;r}59dsQU,YI6(1]uv3EC%._PR!
278;)g]e860/BRn1&9Nqcu@j
208;m^]RRau{6I]~uUJ#fZi
326;o1S4.R2,_@mj8bHk@D8_]9O.a&<
299;wQl}C]Ym<aNzN8qk$OCB#y?z!wZ
263;.@{Uc}mbytv/e^T84q*
195;)@8>*kiJrZ
66;y]b7
87;NXa<6r
97;Lb3XP
380;q\VS2veG&GFoelm?*Qxl{Uvep7l
97;mFTrU
250;Xuev@b<v3_3$Apf[L/g
295;>*L.$Q\ZnJLb_a0Atj9Yv,R
147;zUz$u1GQ]M(18
300;FTLeLFH{O6qEt4YQZCmccp2mW>/*
236;aQ%Gj<p#a?f\,4bG\@m
161;,nk9cAB[%L*C
282;EZmMh^Ag%UX/!%5wF?S(^iiH
117;vksbFQ
341;N]1b$%TD[A!^X3]CnI&BN}OWJJM>
280;fQGts&NG4y0e@8^3/nz78J
58;uK?
411;(_S6jbcDI$RSkwJz.mGvey9
267;.}FuXVfS8_c1<HAVr.,s4].
136;){^c<JT
328;o[I>wT5DdT5pri4q_0@8>A7PR9~se
355;R}{Z.@4k{>(H\s>cZ,2{Y_B8u01Lu
116;jw23A,dwq
273;J!Y,}v4[C*gpHly
310;0W56g5}cH,AZo)[ZIC4KbH_r.
296;P0de9p@nP{ipaLIhjMw8uQy6
285;GTetQs39lAbKTlg&5[(tYaPx36G
135;HH2Ug_(S
254;r]{C<L,L@Tg6Y2@
205;h3enb%V~zGw\vN/0
488;5uo3P6Y_{D[WE(cs<z?jn&KTW^
78;9V3b
296;hC.gfgy>%4zJKNINHZLPmE$a
195;eP}9urRcn<I
221;[UO$v10h$&HF2GW$B6
380;%[Pr>n(#7)7SpYTJK<Ip,Kerk,J
237;sw#2c&y?ci&Bu>sygk0A
338;2f(0LMdgVXF3$\kMNpU*.6e#}
280;0W/qk8lM>s?FWi9Ktfgp@H
175;tp*3S.#0/!Cm
78;iczG
297;ug#&GN~G)>K))G7dTQ_x
265;5_<\(eUb6*6>$P)O^Atab
282;l[wqCSa_fr(xv{(ZfDa,\Rg(
205;u_E0],7Nf_Rp>pT*
354;wvhyXk8aLS9nB<]}Y!dE5ciN[nAP
278;7{R?q5~\x)7An0<cf/&T
397;G$yz%y?r7J\<(.b!p.p_NZeF!r
296;Hwk3]VU2B2QCN*&./rXx}xm.
97;I!~fj
307;yk(cE5X7%IHVzF91c0Q8n3
116;nm1SnyKwC
66;{o[)
54;/3G>
135;<&RU&b%2
214;U8g*&K]WQnz
281;y>)Rf#V1DrRH}^c]v&V.%*K
190;jz&y$*d03}M!o
190;2Pk*txAM]>iFH
301;eIoXcFxOhSb_hsU/(1OGQ5g<CzsZ0
161;d$\IAwDKA>#<Z
117;c),K/H&t
234;rX?Cfnscb7eY]
175;86x~}iitImB
352;@<ZGs4?c1B}qs?P_H53Y2WUa%l
97;WcesL
234;Rae?~74J^{OxW5l/^
49;v26
161;J/0E@fi{BV#eb
97;,gNx5
58;*Ua_
297;lNZ!Aa.8qWiXtOU%bpYcWZ/Pu
327;>a&jwk3E$\Sje3XrIDO@T]I9zzr<
221;zrAPvl9a{{0f6zX!m4
136;7,?bGnj
354;!!3#ywV($u2ZNc>dgw5we
116;LYI1Xip87
192;*okHg.va?p_SA_Vo7
87;RaGj,%
280;vxe@0gu*cN^@(@l?izhI2&
87;E1TVkq
78;kyMI
355;7TN_q)Hj$U4,#,T}YCug}(
299;UNmFGv8r4a}z/gnaP.h.NB{cGNK
273;7q~i4}Dk{W$MG#7
205;@rNEJGlaI\%1n@vF
45;&73
207;cEg&uplgKLsz_jG0hs
67;]0NX$
311;}<wLN@gt?}S^Hh!0^a56.q^5~C
66;p4>j
220;eT.o0rg4tL/f%T@&8
155;h*VZ6$sT6
102;({1kBwJ
117;@0yLbjTk
430;37bg.rnx@8<}>^9JJv5(f4!
252;M>RR}A#WUz&8{DpPL8{_r.
391;})T>KjB$H&Mo.#sMnr,@C
325;iH626YmgxcOv90^!E<P>%<Ejr%
78;9K,v
325;<M!G>bL48OOJcL}<F.3&A}e6R@
49;=@ajd
315;WKvONy>J}YFOA69}z,e611u>Sp8ws
156;F33f&Ro*Jh
101;a#c<gwW@
310;CiV4RV\!xgH)($G*3LaB@9TVV
310;XaC/Dn]/8^/t}rOm5%px0G390
131;thr/5Vxzvu/
268;(mx1PT?7yTAEKp6mqo,QCFof
73;0ytj[l[0
354;6Bb8DuDStEnc4mK,A*{!R}Xk{l%v
295;d#Q9K~&pK$EgL<}I0XJJQ_8
264;e\B{W>IfMYNJ}}AITgZc
237;R75e!.ToYYOEhVQ0XEK{
250;QigkXMp./HBfUXynex9
190;}jl(o$U<2Vz/K
237;J2jPKO?N2G}/[8W82H#\
221;E^\}KaD,9a>T21f>$T
263;m%Ddix.3j\n?19r8(f{
236;/uR@lt%Z,l^6w!LbV$z
269;R8kb&KF)W%BfJ/d7tK&}^Sfr3
253;Y5Lch^of8w59</7s#L7L5q7
234;XD&N~jCRf6Mu30kq
383;t)5Vm7e/6$?WK8YD0A2X0Tl3sNZ(e
78;)xWJ
190;LBw_v0tSZQQm%@
431;md<c&_3x5f*ut,N.DO>P$_kw
251;*\w{wm$3P1kwV!33~2@D<
251;q^nkammblh%D^E9*ud.xM
369;L6]o,@3r[rvV/$!MgMU{)J~d(\%J0
146;~Bl#80,y*K
312;\tHfN.E^[/PI12o.1..y3f({jyG
237;AI\WzwbUB#*dg(O^ulG%
131;rHtN}Av4]
300;S~@2[M2{HvE{F.g&2.LV[f
250;<vM~a?yytr*yR3H4}pQL
195;ek]DG.Eq>N9
215;sT.t{c#VgJ]n.
146;ix~!$0#,vD
311;%nUG<#~w@ZG{t1pt,Aa{EIL&wb
324;NaZwP{)I1b_FJJDS(.Yma7RSt
223;i}0[wf_<7]L}}e<#B%II
220;&d/!\{q%Sva/R0v?b
235;N3cLgj#q~1wsR[R]9s
78;Nd\m
161;,Pa]0)BP<QX!!
252;w?!R(a#5)F@gNA#AB!v>Kb
49;$,b
322;)r?HxA$P9f84[WqdcNk_/X&
254;CBo!>x}l]4o!\hR
257;5lNgzMbOG84m]\9MUzMyl4Una%
284;}0j8SljVvL0U0qNCFM)BRmJh\O
295;q*X4HhyOrL{JHp#SZZ
95;d%(Dc?
117;A47/&dQr&4
136;<[SvNit
238;Q2d,/i,0#fJyUxXdy8\x[
301;Yh9VnZY?vq14Y.fra>1lA9&Baov98
207;b(s}\~}Dappr*NN_pf
333;7pck@^GxM@P6~sEFJ,z
341;>\@yuw])i%S/LgGwTI}k&Y~{ODJd
314;<!7m&CM59RUCPBsm}oe
373;e4jEY,Cu_z>Ji_b&#T@PLr
195;.(?biy$N9w
234;xZM%*l^ySG^RP
328;\!7h<\EEhos#kjcDva$hK6myW_k/J
175;\kiC@lWJE
49;8q,
324;@mAGD^mR,}XOIth(Su757oy36
219;(8Tdk\i*o%<HOalw
116;E}1CBivTE
131;Yf*H](fEp0E
254;>!JGo\DI\G5q_$E
285;j9313AhP2Ppp,!h}*jG~WzaybEW
195;rIdM^TS8]rt%
155;%m^Wb&brl
250;]peYinirS{9v(_^ma0y
219;625(wG][L>/UVq>1
342;DFsOH^{RLD[p7\^lcii<A?2x(]HCQ
136;eD^I4q\
328;$RUrGCCE?FAv2cP8Xe7Y%$V,FN/iQ
283;hVZs7B\usSL9dAh\sXWaE~<k^
227;@eE#eP1Rt&GH8gBoWQErEt@r
328;ASjn)r<9oi(BI^%Ispfj$*87C67^I
58;/Ahm
397;(V#9!ES%94Nw[p64M_T\eEI_j4
146;G@aOYrA4h#.
294;_l0)!d]qNI$&Bp817BSi~*
342;!y)6OZ3s0/[mo]]ZKvmgAw\E[11U~
331;yb(J,<NfEZ.{hMiqP
259;cYy%UR^q$x]xr$ey[r{
58;Dm%
156;pE6ho(!c
309;yvzOJ0&>{)m*n2pc5Op1gL7g
214;ITxh5no2l)X~
220;>A#@Mm8BKQG9vK1$s
249;cIu@OiS5{\tWe12VD[
101;Z8qulwa8
327;LLSX(6gnk_wYVg%M)fs1^8f^)Oj~
220;788MCJtac95W~OVx,
250;,oC\\z]{Gx{WDiJpc1fh
221;(b,C_UIwYDiWke_/to
156;8EdUq2zC
136;zF7?YO&
294;em*oR]?ewN[kF~.et
191;[Fr{HcAR5kq/kHD.
252;5KLofDnvoMo&{W9tpL>0nN
135;]%LIm@J]
268;i\^1uYGZO!ihRiMRZ>W~kw1[
340;8NAab%e<W7kHqO{B(pUiX13t98Q
220;f8#5m01AHE[GC*AX5
249;$U1F5f8d(_Ok*%t~C9
308;lr$0H)c>EsICunP]FG%vN7/
236;zqOgNhZ@?(oH\j%
281;Sqzs??J)2&P/2w510>Ffu.d
278;4ZUI.?v!,5O3rya8HS08
161;1wCmJsUI<CUfp
368;2J.Gm>ZrEN9O#GD_4^iU!VYR61vB
175;?x03(mM<TbVfu
102;/FK5<,y
270;<Ek7uq~MNV<m&(NfK2pQa<icKc
248;~6KPVzTUHXyaF*BS1
415;uqR3eR(y8f,[.xWmQvNlK<nuOL
195;H&)nZB>}74
146;hKA[^>,(G4
58;#Gv
394;Xw*DK<CZRL5xL#vJM.>*QfrY
117;$%eMaQ8&
342;PjAEnb$n^zlaOy}hPhB(gkSTwk>8c
274;YN~@#m&xz9Ds9sQG
281;IuI]<q6TaIGsros2_V}?8<Z
58;afeV
221;\^vHUsEPp@Om/V*AUG
236;RVMh(u03[3Pk<0/u7jd
175;?j^Xz[&W~DxG1
335;C<P_*2<ELJ@eG)n~>$_tC
73;5o/M\
175;^]dwcGA7g8En9
191;)ZGS$aJ0<ST(MZj6
280;]\wmaxhY.tg_z_kTh1{#q[
279;C{soFBuA%lNHv\fEgzZ*7
297;\Gl))p3H>l#IZ0zRt9QKXh@79
220;BjkUh[]iI_gDd4An~
335;}nEdzZ]rPkM,iM^BDty]!
237;NPr!.xTPK0Tot$/vcQ$*
207;#IzLzE26s6P1>Qo.2z
293;wc6BdY$S&&TUign(
222;91HhR9jzUj.Tq@xs00,
340;.(K)fu3/OD2wX/oqpMe1~LlhRu>
136;\fxB&Y?
250;mA}DI9w]ZX{sZ[fJ&gw
325;~^Rf&K1d<iQ>kNw~)3Ech?14rj
254;#652r2[ZC9h,{p
297;~9p7dpP67?0hFXE\cj$IEWUu3
375;b%QJx%OH$TjMk{(Fx8$_,9)
335;Bn{)PKvBKHz*\k~H[M3}L
117;SQ)5z_
250;@0nY)r6QuJ3/NY#BJdxl
322;SN?^2JWG_i#[ZkXga\9C}1B
355;qTFm<0&zKNj>&Iye1shZl\UN<7.DM
313;ikq}MWv*HQMpc3$Nlx
268;p@ObTtFBZ%DL8#DqoEa@w99U
252;IQzV.Yjyz.Sf@Ru{qxf/pH
327;4^$1u1C9M@87z!XSvYE6xvU2)f)F
215;?tC#Y{O{4_f#9
95;Rn?x]?
292;S_Gi>6%pA3m&q($w8^e[
45;4({
175;omZ{6Me9\^av#
221;QE*\KqW3)AjWdigw/T
383;?xUJDC}TN@lrtZ2gNCRQdL[tJGByc
160;/1o?5_lj*kF
117;4uJ*8m
102;vL~*f0y
136;JSgRUDW
312;FLChAr4mU?HEk^G)oa[*cIAygZ4
177;Avd/sm{zsF{&sFh7
325;S0pR2U!*keuC34}ao\C__w~JS7
117;ECLsTj
313;>xlzS}&)$<N%Sr^qrK
216;>HpZ8%eV3Uh}Up
256;KfLp@_@H_LeqsCtdL
274;m_*4XcdxIMkRE#2Q
299;a(Ji4\s}i\n\~$wNAy9EQ,#aJ70
207;6t56@@3#.?U*nU/WpP
220;8$k1DeWQw,.NM1u/R
97;T6j&p
156;rI!vt>e5
101;HM?Gm1dQ
214;Yx*I?9&(67$9
161;GTUduR1*UAh0v
97;N\}xJ
176;5vgs&3S#5lWV
251;Zb{{]KaO@pgjO@Mck<wVQ
375;LyYqRwbsQd!{h]~p@VU.~_y
311;M}^tAH2ET1M<8_!\ba*RY78Ww.
307;?WZYtah<D57kmi{Z_uNE3~
175;H_pliYWgU
265;[yz@_n1C_hvO}TcM$rmpU
308;u)1.4mRuy!,x[EOP7lVQM}H
275;?p}9J5_2lB76XNL}L
78;rOm(
269;jyiHUSsFdyE}Kxl/NNnyjxwQm
81;69*N00N]N6
146;*6x8J/2o]WJ
299;m6cM7>>jicqX/QQfythU0s8d0@6
217;3@Ly7@#xZlnqTXQ
312;~\vL3,wN~<cEThf67
342;Bs@0gYeJ&n/YPEAY#.p}cyGd>tr!*
296;ur&Xa/{aRkBqaYX5i9Ov[egh
328;?TCAze5hiVIBd2WQG,%D^{hwjB!Z^
155;~BlDbwi4^
72;PSID
266;3Bk1MS8wyhUMWPco~#pE&W
429;tJchfkM_p)G8,%L3B}WDs@
136;M4n,lBS
102;qjH1Al\
337;49rJTDh[v%%,$9L?yL)?yf
195;{~?My7pN5B
283;dz{D(53pxFWxMdpu$Jlf4$A/K
281;&y\5XV2x}Jc]ab@.@C!JLIT
101;/y>aY80$
97;Qu_ip
321;~u$)o{C_L~cf#K_bKKK5(5kX
341;I#c)G*GA@ew#1U#dFyZ[<fx]8ajs
390;jl3c,&Zt]Hxi~<4m#!vu
87;G,&R1t
298;g8,Qlc<n,JkxGqa8(M]C7Vg@hu
235;&q{6ICyj7CmI3#
282;_OPa&$&@A,^][[9m3UtUI$Vn
116;WM)xW(LA<
269;6IcdLeJ*S!_T@3MSC.S.j$Saj
54;2W3
175;R6d(Z!WOp
58;BvK
236;G&b53@hN1RrHz4Z)kSo
311;9_8U9xgygse?MOb,rqF[((xD0e
313;*WjyVB6*HFiTwh(#clUiwr>1T)Zf
31;Sssp
78;?,Bj
87;?MUc1H
106;Z46]E[6Z
284;KzpSyl]Jnf#!//ZQ#BIFM!<Pxf
267;QtXl1Awu{ZX1*sTmO$kg.$O
235;&gnc}7fr7QjLH}
295;=@GrH6yx40nW!\Dn0^QE2k9q
341;&0*vjq7qhV]I29Z8Ig2L<(7t#4Y}
58;Tsz
146;BpXr/(QM)f
81;.f{f*j
280;fiEPHJEOIgt]CNN%a8u?,M
252;U/Ij]{Q6m6Z9{XLr]qPY0m
131;u/fAF9kYbX
373;ide5N{S{gwfV&dzlkvMJ>X
206;#QO(tmML@3Ig<Mr/i
292;V,ibkOx_}Z.)(s#
337;pw\WiZQ]YW2pe&lj_N<&n7
214;bc$#U7&}toh
234;o9\C!7^v~F}!j
254;oZT&%pC\V^cxNS
333;L<f.<ty78)#_?czofGr
280;]LKhkTw56fF1%M^*R>QiR_
90;WE<S@
235;[]5L@nPFNcdFWi
99;]iy7qm
207;NI4rq#Uknn1n)*<VvP
356;\Zqmxk8dx!H,HDc.rS.qv?g
195;8~fP^,7V^T4
155;C#m6]z$OM
132;01im{Gm?7TM1
238;dOK[SA,N&nZCJ[i,5ao^~
176;*db**8u/IO~X\.
280;\WD\,&BDqnVHOrMrW{onV
219;)02Iz%D5?I<yph.a
312;(7$)l>sJqIDmi]X7(30r4(8RL.Z
175;~W[#fM21bb%a8
73;0X2vG
418;uJ!t68?!pw?b_{fn8PWEMQr6N*kd
54;*HZ
282;[&j.<~\yhRQ^atf[c*y[kaxF
324;jPK*V9>%hoxAM}4A_j0QJ@GfC
452;_9%]\D?UpLdXMNnQtJgokf~c5q
58;{wH
328;TD$S%R^n1(Y%qy@AfD\W5cwre<c_d
195;UT]^!E?!hq5
205;s2JEBHZRjV0uinY
327;u}Ka(X/fe@ZwQ6L6YWoEZw(>_vbc
393;q6ttR._(H!VeP}<mS\o$GVg
353;dEvQ?zMdY#4b.sj,i>Fm
273;9m~G5cl_}U\SLv)
294;DppUJ&*iLoQowt,Yx
250;HG65)^KcPD/_GO%d.sT_
250;2K#@<>*dlxAArERCB60
175;%3(Iku_>T
456;$yCstS?lPon_7m].#prQoI$!R~45_
342;th7~i$n^s?oP3V5?a64v0$!eh\710
195;&lRZ6nLpW$zJ
256;zSCC^8e(&\%2V@SEe
335;)@!cb}<VR[%)d~reRoHxC
239;{dfzz/ax.bJ>5tN(tBPdj.
224;W8xNG*vVVaU&\&>8>sS/[
195;c!@,UL7ZD^
209;c/Q0F7(TCmm!Dlaq2amD
269;e/F<x_Kc<[Hx..*WaeeE?lF(9
190;6ef]upF&W0J$.Z
311;^/$gseJW]}%hO^1zD,RGh2[^y,
236;qbAVCzpn{NB)q3/W2S>
108;$U)HXY
97;d~OCL
251;sX<wee_EJ*H[!$xx2(FL1
251;!%O4bBa4KvVq&Eb*TIX#g
156;xQ^].mbO
310;)@@.09qtvw5n\X[42tC/)sL_/
293;k7aC#hOp)qtfjNprb8\^>
283;>V}RaGldv$<f&W0C%ww#dT\Rd
66;!_mi
121;1PCM\\L@F[
74;/,c#m^
339;45Lv8h#{[{<$wy!0Ka^%uEl2i2
58;u$S
191;sX#QImtT0tcHfD3
117;j<C~P&1r
352;es!Yvk^{%uD6]jHi<<0fr>X2%?
263;PIjUe5S[VaB48]NqR66
294;ErCaTus{^\1w/5YzkB>7ce
254;X0BUGzEfYta0hKW^Uf&XX@fF
281;fkKQcN%*gj\\S~mO&4\/TO@
147;i8Zo8@_0W8o$6
313;BN6C(afAW&X)?$SYYMB}]NM\..Xr
49;$8p
235;fM$,mKGu9Y>0vdL(da
52;AMEVA
269;./aLY)tBvVuiUJXX(yoJ4)9%t
369;ckN_dRmj@qH73<)^yvRvVu4jW0~,[
58;6nW
250;aum\Uj89q>(GmH,zriNR
115;v]9{~hx
116;&WK,wi4
435;z%yqw@Dg*xErh$~GB.bq>KooLl_
265;xagp*Fs8EJ#4]{p5v#@j^
276;l,LM>ium<~44yu^xRK
131;PO<ibhD,BA
310;E,A&I0WX,ad3Bnw7$V!5M@h!(
337;,H*INVlX%1!r7?%F0B&oj5.@
268;A_NHDheI<@vJ/bD(DE.cNjs?
131;VCVNoOAU5]&
310;jlSY<a[#k@G$9bk@g.zA0!>mP
58;A1z.
340;aW{\SE[OBiqgPvna5O3_QaM.y&$
155;jE<~[>dzj
191;V7[0V0Lq?J/G<_%
191;mB!Jx!B&.GN/D7xE
277;~LVnB0AtQh6.fs@EM?/
49;3ul
215;{jL&RRqer,VP5
54;GR!
264;jaIP,?4}kZm*H<.]]evI
280;mnWC$59NS%4m\^17<]i#1g
136;k\rs~cB
253;P,_l)%rE^uNHJ
204;oJl6[GkCIRTamn
116;fLZzjm?
117;CY}3uJ
190;}wie7a$(X{2@s
136;\vBTPUg
297;XS\U$?]ocZofq/X6/>8_pun($
102;1/UIwRFuI
156;3Ij_DT#q
136;~yHN&rk
160;~Mht,d}Aj7c
58;@0Lv
102;~wb.xL/
358;Hs8S^D{r33HTXHRgw>QyIndf
222;j0Kb8msdK9*9WNEdOSI
297;<S5f{(UNMrSBuT1gVB!#/5[v%
278;G>beKu1ndxjwW/S^aQ%L
66;=@5*b
431;Bi<y{\I3.cg!^Wh$l[VfFp?>
116;<zz80IHKf
278;oZJ(y[}\sM)06,LMf!Ur
66;^4kg
206;%PCoyTovBm3Mi1Q>%
220;vV3oJ/rWNPAgmfW>d
148;f99Vmj7O1TWMwj
334;U5fSKo^mRveG~g6KZ,)R
72;QG~)
156;WG}tb,P8
373;U5#G7Hy?x(E.^R^32.W6nr
315;cL23kznlMjKYxttDuN?Y{jUGW^b1m
300;YxSp^DOkUqkhagP<s~)sBdq}R6OX
312;0{zEz4#.LjR6O6xnXVx\Qba$[Q0
66;by&3
176;Aaq7rvO.A~TiML
313;7cFLi8{~%EyUnJNnyS,]EnN/Td~\
161;dGCyw<ph~oaa
252;a2Q)7&>XqA@vu.aA965s7H
250;M*H@DZ_I50d*L}ceNW/
117;4?LKw9
82;,4>gf
340;_pDX9To<wCu4)RuS0v(R[7QfT2o
295;2p^vv3F~xD((OJ^!<h
161;>^aE2XK[e%0C
191;\F\s/@^Ggu!A8ynn
97;f^~6X
340;iJOJ?ok\H*~B.}q2xh&#(g0#C8Y
310;).[1amm!^9CSn#KB4u?ku<c&\
256;uWi9Qf9]TCyxcW}yB
235;Ifo[H{{<]nM\kAQE1k
238;<NHmYDAlf*#L<qoRTmL*X
253;Okh5qI>l{]p4n
375;Tb~xp%jnz~<~&On!jcU?6wi
146;%mXw$$}1C3b
191;WhrGvaL,A~dUt<D
294;\Gt5AmK(B]QZDWt<h#11y%
342;fMxnE@r!oG2)OSa\!q)87Dpp5SPVj
325;Le?6n3PmH*2r0@^/&7!$Hy#Y&R
161;.9CwOSg@aciC(
259;8~Fk^~c8cOiW4FtUUsT
223;pf.nx4/k\N[EJa#nf]xF
309;0Q!II1L#MK#Ow>bUz]~Ura9F
237;$$1<{7!S^o2{/O]TH4q1
251;htB7?@w*In0//ai.30Tyr
234;Q~>tJc&QLbaS@u(?9
49;3@i
281;/6y~C}a]?jj~%,Bp@{@yDQ0
136;qqvru4R}y
219;84mCHa9&*1K\V6&P
190;PNPw%3V{[a4Eh&
54;NHV
117;>75o~Z
315;&Ul!y#^qOTT^01m&aQCGiM^?cRLS~
206;!J@iqq1m?O#og5N5S
252;)?ogEo/skg%UTsVn9OZ%$J
266;E567%>yO>2aT35tpt/~d<\
207;M4&.X4Dx/{ad#}jJCI
270;]Z@H)\Cw)UVH((nzy~/r{]b(~C
263;LRoaG*rXnB4?IEMKT2_
156;V^N58pwi
135;}E#%5hk%
210;/Y.beN{9km9p}he}ABYbp
161;NqP)t<1HTLm)4
87;vIV4*1Z
238;_V(/d,jKRIb_U4z/vAmdU
326;_hG5at3\dW<~zv&}2I1&z1HnLkl
264;b@59o8Ryj{urs[aN/bk)
40;P_1
325;s3BApsrn[wrGqJt$fH%)ilb6*)
162;.L*\P9MSI\
293;KGwZSLr2eQ6<\nU6
136;tU#Rcd$
298;~4Hwh,?NI548cORZ?#F@07Hni<
282;_lEf0F$]N.Dbwd?n{9vUWxa.
323;I%*.fUm^ExyPv2/oV7?A~jCf
190;/Dx^k[v#&zi5]
316;gN%!H#UwFJfI!gsq&h\z
131;?QVLVuAVH8F
97;SxBC2
95;2wf,Kf
219;i)0xd&6JZrW@(!t
436;9UJ)j#rST})&s!BMZKSoE[E4F$oi
277;>_P}Duv4&K#o@Mil.y1
66;$t,y
101;)0F\dfjh
274;^r#)CYec$tb5_^H&
417;HlJ<8LVrd&~mSkBe[DP$m5H4ek*
175;sS78((kcj$P
377;s!^W5L^cI5,I&]kXFjkDIk{$.
82;g{3?_
102;VY!#1dS
216;LY9\y\[Sf?8)lG
276;ib_g3vZDlMymgMI>)T
234;xY8F]!U1b6esj,P46
219;!MIz*p#0$LtR7&<
222;XBqb<G>_K8)T2baG2?,
296;Sj@DqNV!N7GxgtN2.9uu6e#a
287;sRd?x3n/%_9eV}@dr}I9XEa?AsFFQ
220;ueWE9@QRlHceO/xb4
309;(3!H!E6eJO]Fq}sN4\.PCAmn
161;m_^Sj%{mJb1H@
190;T[W\(GNKN7<sD1
175;c%t6fJqD21.z
341;K6byZyj$Yfk*<?gUP\0#1aY&5w3U
135;QZGR#G(o
240;1g1}HH(qzf!9,IDUuGbdWHF
335;#SXOT[rxn74r9QI3Mj#JW
310;)q]OJ*V0Y@hNLq(E]3]&j<5%U
195;IS9OiF^8ZYR
313;[hGL~ZC~bQ##78*u}J
78;bLk%
97;rUjx]
117;[}Jmh^
155;eiH6~iDYc
239;vUgYCUjVvt54pR4aUK1KZ_
43;x@A
300;ie_w/w_0TB\oy@ZEsK@Gwzz%8e<U
281;Kb_e.9JasJ]CgtljNhkQ[!J
58;FxD
175;bx&8,6mH(
78;}pZS
78;DT]p
454;xs>?mn~2Q((t59S^)&#&rWG)qpbH
148;]#[d(.w$y
264;f(Vx\85FAY}{G[^zA6oN
116;iJa3?AUtR
354;P@qPZZxHamd9?{JfmCi1(uEJ5o\&
281;5<illCqmEXs[74>^1[8Qluw
436;.sc?j[{Jz4<y?dYl,,r?FiWPQg_S
339;14,e7P*12SjymT4G$&zF,q.cWO
377;MM8!K3(\O,YRbR_sInRBh~GbB
321;L/Q0o@_D3*](HJCWYaiux1
95;8RwFW3
297;hXKPowTI*x1L_5IXsE1R&{c*G
160;We2J)/XZR4m
115;ct>,sd<
250;0um*NPs?iE&Y!^*?F}/P
40;I/1
311;4u.kO1Zi?Zl#1$OM@x5#D>RQ\.
255;jytWy5bMbR3Hy%8p
398;b^%^$K.IhdOl)^?FMym7kL[$jcC
276;jSiTCZu,%\qJ&Rz%R[
281;VdW8pXt<da&%j7Nh{n)jzv9
454;5r[IQ,&Df6K@#4gH?O@pL#V99q2f
254;R!YvTNdKiWoYu8
156;tIgPxf?ivX
136;pl5Tc23
333;J&Zd_T~g(Y}rW%cz>JQ
75;D&!Dt
177;OP7/PCljG&8p)P*
298;8b3[J&uWRooKyruvj]iOO
131;y0osRs\Bn%
177;7PT9vGlGaI8muIa9
431;w@8~5)NEp@*g_vZwi]!#9ul>
251;V_v,0FA{KWqD$\0]UwCI$
161;RIW2#jIWqd3/$
280;pc#lz2~a8{s1htzhB_n%_M
267;]~]Xaau,5C~k0XPZYuR1{Eb
293;P9@yGmuF>SE]r8EQ
135;@!IQmMO{
418;xJJ%h\Q&6)CBuvxBvBgfR}fEkq7(
326;0<d.As$M/_5}$U#Fb/j9vNHNupj
281;#53E8eUbq]V)aF/15Q4*I2V
279;#R}[0lX)w!?Wg@QC^xo(/
312;8(m?GX,!V)3]YJdp
354;wze#6y\IkJm,pHX<^\YW~
430;sdx?~<vR^23*5JmPxTH#$Uk
340;pSA[hIXM^R~q(/#[WfqvR62tF?D
175;^a4h!fD~kzSj
281;YCoNCk4xfj[rsh/89}KVnBx
217;$hegubBheY4H~5@
177;SX,~]2A>,ZZ2E\y
214;,S@s2)knfjrl
340;0}!8]qe.XY2[UOx?xZRl5ksSP/Y
78;Ezo]
208;Kn{#D0C~TnK}du7n__B
206;l1$!tbY&r*EOnELL#
284;f.J8nH$/W>HYN0*dZ%p>q^WYQZ
219;flT7vPi>tQ?zR0)&
175;Pi~Ns_L\\)
175;kUO1SD#Ng^N6t
78;SiUx
285;@Qfbncl^lt%EzOz&7xi1QxX7CL,
87;Da#k@i
235;h9yv(MZsRIXOmI
131;1p)%?}[D8
283;*U98BLb,xD4x1VCTU]mO]vsC?
293;GeO)SCz*oh_7WaK$YmPD#
191;m(Lxm<A*ji(r/d.
;
;
;
;
;
;
;
;
;
;
;
;
;
;
;
;
;
;
;
;
;
;
;
;
;
;
;
;
;
;
;
;
;
;
;
;
;
;
;
;
;
;
;
;
;
;
;
;
;
;
;
;
;
;
;
;
;
;
;
;
;
;
;
;
;
;
;
;
;
;
;
;
;
;
;
;
;
;
;
;
;
;
;
;
;
;
;
;
;
;
;
;
;
;
;
;
;
;
;
;
;
;
;
;
;
;
;
;
;
;
;
;
;
;
;
;
;
;
;
;
;
;
;
;
;
;
;
;
;
;
;
;
;
;
;
;
;
;
;
;
;
;
;
;
;
;
;
;
;
;
;
;
;
;
;
;
;
;
;
;
;
;
;
;
;
;
;
;
;
;
;
;
;
;
;
;
;
;
;
;
;
;
;
;
;
;
;
;
;
;
;
;
;
;
;
;
;
;
;
;
;
;
;
;
;
;
;
;
;
;
;
;
;
;
;
;
;
;
;
;
;
;
;
;
;
;
;
;
;
;
;
;
;
;
;
;
;
;
;
;
;
;
;
;
;
;
;
;
;
;
;
;
;
;
;
;
;
;
;
;
;
;
;
;
;
;
;
;
;
;
;
;
;
;
;
;
;
;
;
;
;
;
;
;
;
;
;
;
;
;
;
;
;
;
;
;
;
;
;
;
;
;
;
;
;
;
;
;
;
;
;
;
;
;
;
;
;
;
;
;
;
;
;
;
;
;
;
;
;
;
;
;
;
;
;
;
;
;
;
;
;
;
;
;
;
;
;
;
;
;
;
;
;
;
;
;
;
;
;
;
;
;
;
;
;
;
;
;
;
;
;
;
;
;
;
;
;
;
;
;
;
;
;
;
;
;
;
;
;
;
;
;
;
;
;
;
;
;
;
;
;
;
;
;
;
;
;
;
;
;
;
;
;
;
;
;
;
;
;
;
;
;
;
;
;
;
;
;
;
;
;
;
;
;
;
;
;
;
;
;
;
;
;
;
;
;
;
;
;
;
;
;
;
;
;
;
;
;
;
;
;
;
;
;
;
;
;
;
;
;
;
;
;
;
;
;
;
;
;
;
;
;
;
;
;
;
;
;
;
;
;
;
;
;
;
;
;
;
;
;
;
;
;
;
;
;
;
;
;
;
;
;
;
;
;
;
;
;
;
;
;
;
;
;
;
;
;
;
;
;
;
;
;
;
;
;
;
;
;
;
;
;
;
;
;
;
;
;
;
;
;
;
;
;
;
;
;
;
;
;
;
;
;
;
;
;
;
;
;
;
;
;
;
;
;
;
;
;
;
;
;
;
;
;
;
;
;
;
;
;
;
;
;
;
;
;
;
;
;
;
;
;
;
;
;
;
;
;
;
;
;
;
;
;
;
;
;
;
;
;
;
;
;
;
;
;
;
;
;
;
;
;
;
;
;
;
;
;
;
;
;
;
;
;
;
;
;
;
;
;
;
;
;
;
;
;
;
;
;
;
;
;
;
;
;
;
;
;
;
;
;
;
;
;
;
;
;
;
;
;
;
;
;
;
;
;
;
;
;
;
;
;
;
;
;
;
;
;
;
;
;
;
;
;
;
;
;
;
;
;
;
;
;
;
;
;
;
;
;
;
;
;
;
;
;
;
;
;
;
;
;
;
;
;
;
;
;
;
;
;
;
;
;
;
;
;
;
;
;
;
;
;
;
;
;
;
;
;
;
;
;
;
;
;
;
;
;
;
;
;
;
;
;
;
;
;
;
;
;
;
;
;
;
;
;
;
;
;
;
;
;
;
;
;
;
;
;
;
;
;
;
;
;
;
;
;
;
;
;
;
;
;
;
;
;
;
;
;
;
;
;
;
;
;
;
;
;
;
;
;
;
;
;
;
;
;
;
;
;
;
;
;
;
;
;
;
;
;
;
;
;
;
;
;
;
;
;
;
;
;
;
;
;
;
;
;
;
;
;
;
;
;
;
;
;
;
;
;
;
;
;
;
;
;
;
;
;
;
;
;
;
;
;
;
;
;
;
;
;
;
;
;
;
;
;
;
;
;
;
;
;
;
;
;
;
;
;
;
;
;
;
;
;
;
;
;
;
;
;
;
;
;
;
;
;
;
;
;
;
;
;
;
;
;
;
;
;
;
;
;
;
;
;
;
;
;
;
;
;
;
;
;
;
;
;
;
;
;
;
;
;
;
;
;
;
;
;
;
;
;
;
;
;
;
;
;
;
;
;
;
;
;
;
;
;
;
;
;
;
;
;
;
;
;
;
;
;
;
;
;
;
;
;
;
;
;
;
;
;
;
;
;
;
;
;
;
;
;
;
;
;
;
;
;
;
;
;
;
;
;
;
;
;
;
;
;
;
;
;
;
;
;
;
;
;
;
;
;
;
;
;
;
;
;
;
;
;
;
;
;
;
;
;
;
;
;
;
;
;
;
;
;
;
;
;
;
;
;
;
;
;
;
;
;
;
;
;
;
;
;
;
;
;
;
;
;
;
;
;
;
;
;
;
;
;
;
;
;
;
;
;
;
;
;
;
;
;
;
;
;
;
;
;
;
;
;
;
;
;
;
;
;
;
;
;
;
;
;
;
;
;
;
;
;
;
;
;
;
;
;
;
;
;
;
;
;
;
;
;
;
;
;
;
;
;
;
;
;
;
;
;
;
;
;
;
;
;
;
;
;
;
;
;
;
;
;
;
;
;
;
;
;
;
;
;
;
;
;
;
;
;
;
;
;
;
;
;
;
;
;
;
;
;
;
;
;
;
;
;
;
;
;
;
;
;
;
;
;
;
;
;
;
;
;
;
;
;
;
;
;
;
;
;
;
;
;
;
;
;
;
;
;
;
;
;
;
;
;
;
;
;
;
;
;
;
;
;
;
;
;
;
;
;
;
;
;
;
;
;
;
;
;
;
;
;
;
;
;
;
;
;
;
;
;
;
;
;
;
;
;
;
;
;
;
;
;
;
;
;
;
;
;
;
;
;
;
;
;
;
;
;
;
;
;
;
;
;
;
;
;
;
;
;
;
;
;
;
;
;
;
;
;
;
;
;
;
;
;
;
;
;
;
;
;
;
;
;
;
;
;
;
;
;
;
;
;
;
;
;
;
;
;
;
;
;
;
;
;
;
;
;
;
;
;
;
;
;
;
;
;
;
;
;
;
;
;
;
;
;
;
;
;
;
;
;
;
;
;
;
;
;
;
;
;
;
;
;
;
;
;
;
;
;
;
;
;
;
;
;
;
;
;
;
;
;
;
;
;
;
;
;
;
;
;
;
;
;
;
;
;
;
;
;
;
;
;
;
;
;
;
;
;
;
;
;
;
;
;
;
;
;
;
;
;
;
;
;
;
;
;
;
;
;
;
;
;
;
;
;
;
;
;
;
;
;
;
;
;
;
;
;
;
;
;
;
;
;
;
;
;
;
;
;
;
;
;
;
;
;
;
;
;
;
;
;
;
;
;
;
;
;
;
;
;
;
;
;
;
;
;
;
;
;
;
;
;
;
;
;
;
;
;
;
;
;
;
;
;
;
;
;
;
;
;
;
;
;
;
;
;
;
;
;
;
;
;
;
;
;
;
;
;
;
;
;
;
;
;
;
;
;
;
;
;
;
;
;
;
;
;
;
;
;
;
;
;
;
;
;
;
;
;
;
;
;
;
;
;
;
;
;
;
;
;
;
;
;
;
;
;
;
;
;
;
;
;
;
;
;
;
;
;
;
;
;
;
;
;
;
;
;
;
;
;
;
;
;
;
;
;
;
;
;
;
;
;
;
;
;
;
;
;
;
;
;
;
;
;
;
;
;
;
;
;
;
;
;
;
;
;
;
;
;
;
;
;
;
;
;
;
;
;
;
;
;
;
;
;
;
;
;
;
;
;
;
;
;
;
;
;
;
;
;
;
;
;
;
;
;
;
;
;
;
;
;
;
;
;
;
;
;
;
;
;
;
;
;
;
;
;
;
;
;
;
;
;
;
;
;
;
;
;
;
;
;
;
;
;
;
;
;
;
;
;
;
;
;
;
;
;
;
;
;
;
;
;
;
;
;
;
;
;
;
;
;
;
;
;
;
;
;
;
;
;
;
;
;
;
;
;
;
;
;
;
;
;
;
;
;
;
;
;
;
;
;
;
;
;
;
;
;
;
;
;
;
;
;
;
;
;
;
;
;
;
;
;
;
;
;
;
;
;
;
;
;
;
;
;
;
;
;
;
;
;
;
;
;
;
;
;
;
;
;
;
;
;
;
;
;
;
;
;
;
;
;
;
;
;
;
;
;
;
;
;
;
;
;
;
;
;
;
;
;
;
;
;
;
;
;
;
;
;
;
;
;
;
;
;
;
;
;
;
;
;
;
;
;
;
;
;
;
;
;
;
;
;
;
;
;
;
;
;
;
;
;
;
;
;
;
;
;
;
;
;
;
;
;
;
;
;
;
;
;
;
;
;
;
;
;
;
;
;
;
;
;
;
;
;
;
;
;
;
;
;
;
;
;
;
;
;
;
;
;
;
;
;
;
;
;
;
;
;
;
;
;
;
;
;
;
;
;
;
;
;
;
;
;
;
;
;
;
;
;
;
;
;
;
;
;
;
;
;
;
;
;
;
;
;
;
;
;
;
;
;
;
;
;
;
;
;
;
;
;
;
;
;
;
;
;
;
;
;
;
;
;
;
;
;
;
;
;
;
;
;
;
;
;
;
;
;
;
;
;
;
;
;
;
;
;
;
;
;
;
;
;
;
;
;
;
;
;
;
;
;
;
;
;
;
;
;
;
;
;
;
;
;
;
;
;
;
;
;
;
;
;
;
;
;
;
;
;
;
;
;
;
;
;
;
;
;
;
;
;
;
;
;
;
;
;
;
;
;
;
;
;
;
;
;
;
;
;
;
;
;
;
;
;
;
;
;
;
;
;
;
;
;
;
;
;
;
;
;
;
;
;
;
;
;
;
;
;
;
;
;
;
;
;
;
;
;
;
;
;
;
;
;
;
;
;
;
;
;
;
;
;
;
;
;
;
;
;
;
;
;
;
;
;
;
;
;
;
;
;
;
;
;
;
;
;
;
;
;
;
;
;
;
;
;
;
;
;
;
;
;
;
;
;
;
;
;
;
;
;
;
;
;
;
;
;
;
;
;
;
;
;
;
;
;
;
;
;
;
;
;
;
;
;
;
;
;
;
;
;
;
;
;
;
;
;
;
;
;
;
;
;
;
;
;
;
;
;
;
;
;
;
;
;
;
;
;
;
;
;
;
;
;
;
;
;
;
;
;
;
;
;
;
;
;
;
;
;
;
;
;
;
;
;
;
;
;
;
;
;
;
;
;
;
;
;
;
;
;
;
;
;
;
;
;
;
;
